{"cameraMode":{"drawMode":0,"name":"Shaded","section":"Shading Mode"},"sceneLighting":false,"audioPlay":false,"sceneViewState":{"showFog":true,"showMaterialUpdate":false,"showSkybox":true,"showFlares":true,"showImageEffects":true,"showParticleSystems":true},"in2DMode":false,"pivot":{"x":-1867.0,"y":-79.2864990234375,"z":156.57003784179688},"rotation":{"x":-0.028492281213402749,"y":0.020990397781133653,"z":-0.0005988417542539537,"w":-0.9993734359741211},"size":1694.42333984375,"orthographic":false}