{"cameraMode":{"drawMode":0,"name":"Shaded","section":"Shading Mode"},"sceneLighting":false,"audioPlay":false,"sceneViewState":{"showFog":true,"showMaterialUpdate":false,"showSkybox":true,"showFlares":true,"showImageEffects":true,"showParticleSystems":true},"in2DMode":false,"pivot":{"x":422.7049560546875,"y":182.86642456054688,"z":6.139129638671875},"rotation":{"x":-0.13288667798042298,"y":0.3492572605609894,"z":-0.05010829493403435,"w":-0.9262017607688904},"size":265.82818603515627,"orthographic":false}