{"cameraMode":{"drawMode":0,"name":"Shaded","section":"Shading Mode"},"sceneLighting":false,"audioPlay":false,"sceneViewState":{"showFog":true,"showMaterialUpdate":false,"showSkybox":true,"showFlares":true,"showImageEffects":true,"showParticleSystems":true},"in2DMode":false,"pivot":{"x":-0.5402908325195313,"y":0.588409423828125,"z":-2.5697021484375},"rotation":{"x":0.12562592327594758,"y":0.025294749066233636,"z":-0.003204071894288063,"w":0.9917500019073486},"size":0.8753939270973206,"orthographic":true}